t,w
0.0,0.0
0.0025012506253126563,0.0
0.0050025012506253125,0.0
0.007503751875937969,0.0
0.010005002501250625,0.0
0.01250625312656328,0.0
0.015007503751875938,0.0
0.017508754377188594,0.0
0.02001000500250125,0.0
0.022511255627813906,0.0
0.02501250625312656,0.0
0.027513756878439218,0.0
0.030015007503751877,0.0
0.03251625812906453,0.0
0.03501750875437719,0.0
0.03751875937968984,0.0
0.0400200100050025,0.0
0.04252126063031516,0.0
0.04502251125562781,0.0
0.04752376188094047,0.0
0.05002501250625312,0.0
0.05252626313156578,0.0
0.055027513756878435,0.0
0.057528764382191094,0.0
0.060030015007503754,0.0
0.06253126563281641,0.0
0.06503251625812906,0.0
0.06753376688344172,0.0
0.07003501750875438,0.0
0.07253626813406704,0.0
0.07503751875937968,0.0
0.07753876938469234,0.0
0.080040020010005,0.0
0.08254127063531766,0.0
0.08504252126063032,0.0
0.08754377188594296,0.0
0.09004502251125562,0.0
0.09254627313656828,0.0
0.09504752376188094,0.0
0.09754877438719359,0.0
0.10005002501250625,0.0
0.1025512756378189,0.0
0.10505252626313157,0.0
0.10755377688844422,0.0
0.11005502751375687,0.0
0.11255627813906953,0.0
0.11505752876438219,0.0
0.11755877938969485,0.0
0.12006003001500751,0.0
0.12256128064032015,0.0
0.12506253126563283,0.0
0.12756378189094547,0.0
0.13006503251625812,0.0
0.1325662831415708,0.0
0.13506753376688344,0.0
0.13756878439219608,0.0
0.14007003501750875,0.0
0.1425712856428214,0.0
0.14507253626813407,0.0
0.14757378689344672,0.0
0.15007503751875936,0.0
0.15257628814407204,0.0
0.15507753876938468,0.0
0.15757878939469736,0.0
0.16008004002001,0.0
0.16258129064532265,0.0
0.16508254127063532,0.0
0.16758379189594796,0.0
0.17008504252126064,0.0
0.17258629314657328,0.0
0.17508754377188593,0.0
0.1775887943971986,0.0
0.18009004502251125,0.0
0.18259129564782392,0.0
0.18509254627313657,0.0
0.1875937968984492,0.0
0.19009504752376188,0.0
0.19259629814907453,0.0
0.19509754877438718,0.0
0.19759879939969985,0.0
0.2001000500250125,0.0
0.20260130065032517,0.0
0.2051025512756378,0.0
0.20760380190095046,0.0
0.21010505252626313,0.0
0.21260630315157578,0.0
0.21510755377688845,0.0
0.2176088044022011,0.0
0.22011005502751374,0.0
0.2226113056528264,0.0
0.22511255627813906,0.0
0.22761380690345173,0.0
0.23011505752876438,0.0
0.23261630815407702,0.0
0.2351175587793897,0.0
0.23761880940470234,0.0
0.24012006003001501,0.0
0.24262131065532766,0.0
0.2451225612806403,0.0
0.24762381190595298,0.0
0.25012506253126565,0.0
0.2526263131565783,0.0
0.25512756378189094,0.0
0.2576288144072036,0.0
0.26013006503251623,0.0
0.26263131565782893,0.0
0.2651325662831416,0.0
0.2676338169084542,0.0
0.27013506753376687,0.0
0.2726363181590795,0.0
0.27513756878439216,0.0
0.27763881940970486,0.0
0.2801400700350175,0.0
0.28264132066033015,0.0
0.2851425712856428,0.0
0.28764382191095544,0.0
0.29014507253626814,0.0
0.2926463231615808,0.0
0.29514757378689344,0.0
0.2976488244122061,0.0
0.3001500750375187,0.0
0.3026513256628314,0.0
0.3051525762881441,0.0
0.3076538269134567,0.0
0.31015507753876936,0.0
0.312656328164082,0.0
0.3151575787893947,0.0
0.31765882941470736,0.0
0.32016008004002,0.0
0.32266133066533265,0.0
0.3251625812906453,0.0
0.327663831915958,0.0
0.33016508254127064,0.0
0.3326663331665833,0.0
0.33516758379189593,0.0
0.3376688344172086,0.0
0.3401700850425213,0.0
0.3426713356678339,0.0
0.34517258629314657,0.0
0.3476738369184592,0.0
0.35017508754377186,0.0
0.35267633816908456,0.0
0.3551775887943972,0.0
0.35767883941970985,0.0
0.3601800900450225,0.0
0.36268134067033514,0.0
0.36518259129564784,0.0
0.3676838419209605,0.0
0.37018509254627313,0.0
0.3726863431715858,0.0
0.3751875937968984,0.0
0.37768884442221107,0.0
0.38019009504752377,0.0
0.3826913456728364,0.0
0.38519259629814906,0.0
0.3876938469234617,0.0
0.39019509754877435,0.0
0.39269634817408705,0.0
0.3951975987993997,0.0
0.39769884942471234,0.0
0.400200100050025,0.0
0.40270135067533763,0.0
0.40520260130065033,0.0
0.407703851925963,0.0
0.4102051025512756,0.0
0.41270635317658827,0.0
0.4152076038019009,0.0
0.4177088544272136,0.0
0.42021010505252626,0.0
0.4227113556778389,0.0
0.42521260630315155,0.0
0.4277138569284642,0.0
0.4302151075537769,0.0
0.43271635817908954,0.0
0.4352176088044022,0.0
0.43771885942971483,0.0
0.4402201100550275,0.0
0.4427213606803402,0.0
0.4452226113056528,0.0
0.44772386193096547,0.0
0.4502251125562781,0.0
0.45272636318159076,0.0
0.45522761380690346,0.0
0.4577288644322161,0.0
0.46023011505752875,0.0
0.4627313656828414,0.0
0.46523261630815405,0.0
0.46773386693346675,0.0
0.4702351175587794,0.0
0.47273636818409204,0.0
0.4752376188094047,0.0
0.47773886943471733,0.0
0.48024012006003003,0.0
0.4827413706853427,0.0
0.4852426213106553,0.0
0.48774387193596797,0.0
0.4902451225612806,0.0
0.49274637318659326,0.0
0.49524762381190596,0.0
0.4977488744372186,0.0
0.5002501250625313,0.1
0.5027513756878439,0.1
0.5052526263131566,0.1
0.5077538769384692,0.1
0.5102551275637819,0.1
0.5127563781890946,0.1
0.5152576288144072,0.1
0.5177588794397199,0.1
0.5202601300650325,0.1
0.5227613806903452,0.1
0.5252626313156579,0.1
0.5277638819409705,0.1
0.5302651325662832,0.1
0.5327663831915957,0.1
0.5352676338169085,0.1
0.537768884442221,0.1
0.5402701350675337,0.1
0.5427713856928464,0.1
0.545272636318159,0.1
0.5477738869434717,0.1
0.5502751375687843,0.1
0.552776388194097,0.1
0.5552776388194097,0.1
0.5577788894447223,0.1
0.560280140070035,0.1
0.5627813906953476,0.1
0.5652826413206603,0.1
0.567783891945973,0.1
0.5702851425712856,0.1
0.5727863931965983,0.1
0.5752876438219109,0.1
0.5777888944472236,0.1
0.5802901450725363,0.1
0.5827913956978489,0.1
0.5852926463231616,0.1
0.5877938969484742,0.1
0.5902951475737869,0.1
0.5927963981990996,0.1
0.5952976488244122,0.1
0.5977988994497249,0.1
0.6003001500750375,0.1
0.6028014007003502,0.1
0.6053026513256629,0.1
0.6078039019509754,0.1
0.6103051525762881,0.1
0.6128064032016007,0.1
0.6153076538269134,0.1
0.6178089044522261,0.1
0.6203101550775387,0.1
0.6228114057028514,0.1
0.625312656328164,0.1
0.6278139069534767,0.1
0.6303151575787894,0.1
0.632816408204102,0.1
0.6353176588294147,0.1
0.6378189094547273,0.1
0.64032016008004,0.1
0.6428214107053527,0.1
0.6453226613306653,0.1
0.647823911955978,0.1
0.6503251625812906,0.1
0.6528264132066033,0.1
0.655327663831916,0.1
0.6578289144572286,0.1
0.6603301650825413,0.1
0.6628314157078539,0.1
0.6653326663331666,0.1
0.6678339169584793,0.1
0.6703351675837919,0.1
0.6728364182091046,0.1
0.6753376688344171,0.1
0.6778389194597298,0.1
0.6803401700850426,0.1
0.6828414207103551,0.1
0.6853426713356678,0.1
0.6878439219609804,0.1
0.6903451725862931,0.1
0.6928464232116058,0.1
0.6953476738369184,0.1
0.6978489244622311,0.1
0.7003501750875437,0.1
0.7028514257128564,0.1
0.7053526763381691,0.1
0.7078539269634817,0.1
0.7103551775887944,0.1
0.712856428214107,0.1
0.7153576788394197,0.1
0.7178589294647324,0.1
0.720360180090045,0.1
0.7228614307153577,0.1
0.7253626813406703,0.1
0.727863931965983,0.1
0.7303651825912957,0.1
0.7328664332166083,0.1
0.735367683841921,0.1
0.7378689344672336,0.1
0.7403701850925463,0.1
0.742871435717859,0.1
0.7453726863431716,0.1
0.7478739369684843,0.1
0.7503751875937968,0.1
0.7528764382191095,0.1
0.7553776888444221,0.1
0.7578789394697348,0.1
0.7603801900950475,0.1
0.7628814407203601,0.1
0.7653826913456728,0.1
0.7678839419709854,0.1
0.7703851925962981,0.1
0.7728864432216108,0.1
0.7753876938469234,0.1
0.7778889444722361,0.1
0.7803901950975487,0.1
0.7828914457228614,0.1
0.7853926963481741,0.1
0.7878939469734867,0.1
0.7903951975987994,0.1
0.792896448224112,0.1
0.7953976988494247,0.1
0.7978989494747374,0.1
0.80040020010005,0.1
0.8029014507253627,0.1
0.8054027013506753,0.1
0.807903951975988,0.1
0.8104052026013007,0.1
0.8129064532266133,0.1
0.815407703851926,0.1
0.8179089544772385,0.1
0.8204102051025512,0.1
0.822911455727864,0.1
0.8254127063531765,0.1
0.8279139569784892,0.1
0.8304152076038018,0.1
0.8329164582291145,0.1
0.8354177088544272,0.1
0.8379189594797398,0.1
0.8404202101050525,0.1
0.8429214607303651,0.1
0.8454227113556778,0.1
0.8479239619809905,0.1
0.8504252126063031,0.1
0.8529264632316158,0.1
0.8554277138569284,0.1
0.8579289644822411,0.1
0.8604302151075538,0.1
0.8629314657328664,0.1
0.8654327163581791,0.1
0.8679339669834917,0.1
0.8704352176088044,0.1
0.8729364682341171,0.1
0.8754377188594297,0.1
0.8779389694847424,0.1
0.880440220110055,0.1
0.8829414707353677,0.1
0.8854427213606804,0.1
0.887943971985993,0.1
0.8904452226113057,0.1
0.8929464732366182,0.1
0.8954477238619309,0.1
0.8979489744872436,0.1
0.9004502251125562,0.1
0.9029514757378689,0.1
0.9054527263631815,0.1
0.9079539769884942,0.1
0.9104552276138069,0.1
0.9129564782391195,0.1
0.9154577288644322,0.1
0.9179589794897448,0.1
0.9204602301150575,0.1
0.9229614807403702,0.1
0.9254627313656828,0.1
0.9279639819909955,0.1
0.9304652326163081,0.1
0.9329664832416208,0.1
0.9354677338669335,0.1
0.9379689844922461,0.1
0.9404702351175588,0.1
0.9429714857428714,0.1
0.9454727363681841,0.1
0.9479739869934968,0.1
0.9504752376188094,0.1
0.9529764882441221,0.1
0.9554777388694347,0.1
0.9579789894947474,0.1
0.9604802401200601,0.1
0.9629814907453726,0.1
0.9654827413706853,0.1
0.9679839919959979,0.1
0.9704852426213106,0.1
0.9729864932466232,0.1
0.9754877438719359,0.1
0.9779889944972486,0.1
0.9804902451225612,0.1
0.9829914957478739,0.1
0.9854927463731865,0.1
0.9879939969984992,0.1
0.9904952476238119,0.1
0.9929964982491245,0.1
0.9954977488744372,0.1
0.9979989994997498,0.1
1.0005002501250626,0.1
1.0030015007503752,0.1
1.0055027513756878,0.1
1.0080040020010004,0.1
1.0105052526263132,0.1
1.0130065032516258,0.1
1.0155077538769384,0.1
1.0180090045022512,0.1
1.0205102551275638,0.1
1.0230115057528764,0.1
1.0255127563781892,0.1
1.0280140070035018,0.1
1.0305152576288144,0.1
1.033016508254127,0.1
1.0355177588794398,0.1
1.0380190095047523,0.1
1.040520260130065,0.1
1.0430215107553777,0.1
1.0455227613806903,0.1
1.048024012006003,0.1
1.0505252626313157,0.1
1.0530265132566283,0.1
1.055527763881941,0.1
1.0580290145072535,0.1
1.0605302651325663,0.1
1.063031515757879,0.1
1.0655327663831915,0.1
1.0680340170085043,0.1
1.070535267633817,0.1
1.0730365182591295,0.1
1.075537768884442,0.1
1.078039019509755,0.1
1.0805402701350675,0.1
1.08304152076038,0.1
1.0855427713856929,0.1
1.0880440220110055,0.1
1.090545272636318,0.1
1.0930465232616309,0.1
1.0955477738869435,0.1
1.098049024512256,0.1
1.1005502751375686,0.1
1.1030515257628815,0.1
1.105552776388194,0.1
1.1080540270135066,0.1
1.1105552776388194,0.1
1.113056528264132,0.1
1.1155577788894446,0.1
1.1180590295147574,0.1
1.12056028014007,0.1
1.1230615307653826,0.1
1.1255627813906952,0.1
1.128064032016008,0.1
1.1305652826413206,0.1
1.1330665332666332,0.1
1.135567783891946,0.1
1.1380690345172586,0.1
1.1405702851425712,0.1
1.143071535767884,0.1
1.1455727863931966,0.1
1.1480740370185092,0.1
1.1505752876438218,0.1
1.1530765382691346,0.1
1.1555777888944472,0.1
1.1580790395197598,0.1
1.1605802901450726,0.1
1.1630815407703852,0.1
1.1655827913956978,0.1
1.1680840420210106,0.1
1.1705852926463232,0.1
1.1730865432716358,0.1
1.1755877938969483,0.1
1.1780890445222612,0.1
1.1805902951475737,0.1
1.1830915457728863,0.1
1.1855927963981991,0.1
1.1880940470235117,0.1
1.1905952976488243,0.1
1.1930965482741371,0.1
1.1955977988994497,0.1
1.1980990495247623,0.1
1.200600300150075,0.1
1.2031015507753877,0.1
1.2056028014007003,0.1
1.208104052026013,0.1
1.2106053026513257,0.1
1.2131065532766383,0.1
1.215607803901951,0.1
1.2181090545272637,0.1
1.2206103051525763,0.1
1.2231115557778889,0.1
1.2256128064032015,0.1
1.2281140570285143,0.1
1.2306153076538269,0.1
1.2331165582791395,0.1
1.2356178089044523,0.1
1.2381190595297649,0.1
1.2406203101550775,0.1
1.2431215607803903,0.1
1.2456228114057029,0.1
1.2481240620310154,0.1
1.250625312656328,0.1
1.2531265632816408,0.1
1.2556278139069534,0.1
1.258129064532266,0.1
1.2606303151575788,0.1
1.2631315657828914,0.1
1.265632816408204,0.1
1.2681340670335168,0.1
1.2706353176588294,0.1
1.273136568284142,0.1
1.2756378189094546,0.1
1.2781390695347674,0.1
1.28064032016008,0.1
1.2831415707853926,0.1
1.2856428214107054,0.1
1.288144072036018,0.1
1.2906453226613306,0.1
1.2931465732866432,0.1
1.295647823911956,0.1
1.2981490745372686,0.1
1.3006503251625812,0.1
1.303151575787894,0.1
1.3056528264132066,0.1
1.3081540770385192,0.1
1.310655327663832,0.1
1.3131565782891446,0.1
1.3156578289144572,0.1
1.3181590795397697,0.1
1.3206603301650826,0.1
1.3231615807903951,0.1
1.3256628314157077,0.1
1.3281640820410205,0.1
1.3306653326663331,0.1
1.3331665832916457,0.1
1.3356678339169585,0.1
1.3381690845422711,0.1
1.3406703351675837,0.1
1.3431715857928963,0.1
1.3456728364182091,0.1
1.3481740870435217,0.1
1.3506753376688343,0.1
1.353176588294147,0.1
1.3556778389194597,0.1
1.3581790895447723,0.1
1.360680340170085,0.1
1.3631815907953977,0.1
1.3656828414207103,0.1
1.3681840920460229,0.1
1.3706853426713357,0.1
1.3731865932966483,0.1
1.3756878439219609,0.1
1.3781890945472737,0.1
1.3806903451725863,0.1
1.3831915957978989,0.1
1.3856928464232117,0.1
1.3881940970485243,0.1
1.3906953476738368,0.1
1.3931965982991494,0.1
1.3956978489244622,0.1
1.3981990995497748,0.1
1.4007003501750874,0.1
1.4032016008004002,0.1
1.4057028514257128,0.1
1.4082041020510254,0.1
1.4107053526763382,0.1
1.4132066033016508,0.1
1.4157078539269634,0.1
1.418209104552276,0.1
1.4207103551775888,0.1
1.4232116058029014,0.1
1.425712856428214,0.1
1.4282141070535268,0.1
1.4307153576788394,0.1
1.433216608304152,0.1
1.4357178589294648,0.1
1.4382191095547774,0.1
1.44072036018009,0.1
1.4432216108054026,0.1
1.4457228614307154,0.1
1.448224112056028,0.1
1.4507253626813406,0.1
1.4532266133066534,0.1
1.455727863931966,0.1
1.4582291145572785,0.1
1.4607303651825914,0.1
1.463231615807904,0.1
1.4657328664332165,0.1
1.4682341170585291,0.1
1.470735367683842,0.1
1.4732366183091545,0.1
1.4757378689344671,0.1
1.47823911955978,0.1
1.4807403701850925,0.1
1.4832416208104051,0.1
1.485742871435718,0.1
1.4882441220610305,0.1
1.490745372686343,0.1
1.4932466233116557,0.1
1.4957478739369685,0.1
1.498249124562281,0.1
1.5007503751875937,0.1
1.5032516258129065,0.1
1.505752876438219,0.1
1.5082541270635317,0.1
1.5107553776888443,0.1
1.513256628314157,0.1
1.5157578789394697,0.1
1.5182591295647823,0.1
1.520760380190095,0.1
1.5232616308154077,0.1
1.5257628814407203,0.1
1.528264132066033,0.1
1.5307653826913457,0.1
1.5332666333166582,0.1
1.5357678839419708,0.1
1.5382691345672836,0.1
1.5407703851925962,0.1
1.5432716358179088,0.1
1.5457728864432216,0.1
1.5482741370685342,0.1
1.5507753876938468,0.1
1.5532766383191596,0.1
1.5557778889444722,0.1
1.5582791395697848,0.1
1.5607803901950974,0.1
1.5632816408204102,0.1
1.5657828914457228,0.1
1.5682841420710354,0.1
1.5707853926963482,0.1
1.5732866433216608,0.1
1.5757878939469734,0.1
1.5782891445722862,0.1
1.5807903951975988,0.1
1.5832916458229114,0.1
1.585792896448224,0.1
1.5882941470735368,0.1
1.5907953976988494,0.1
1.593296648324162,0.1
1.5957978989494748,0.1
1.5982991495747874,0.1
1.6008004002001,0.1
1.6033016508254128,0.1
1.6058029014507254,0.1
1.608304152076038,0.1
1.6108054027013505,0.1
1.6133066533266633,0.1
1.615807903951976,0.1
1.6183091545772885,0.1
1.6208104052026013,0.1
1.623311655827914,0.1
1.6258129064532265,0.1
1.6283141570785393,0.1
1.630815407703852,0.1
1.6333166583291645,0.1
1.635817908954477,0.1
1.63831915957979,0.1
1.6408204102051025,0.1
1.643321660830415,0.1
1.645822911455728,0.1
1.6483241620810405,0.1
1.650825412706353,0.1
1.653326663331666,0.1
1.6558279139569785,0.1
1.658329164582291,0.1
1.6608304152076037,0.1
1.6633316658329165,0.1
1.665832916458229,0.1
1.6683341670835417,0.1
1.6708354177088545,0.1
1.673336668334167,0.1
1.6758379189594796,0.1
1.6783391695847925,0.1
1.680840420210105,0.1
1.6833416708354176,0.1
1.6858429214607302,0.1
1.688344172086043,0.1
1.6908454227113556,0.1
1.6933466733366682,0.1
1.695847923961981,0.1
1.6983491745872936,0.1
1.7008504252126062,0.1
1.703351675837919,0.1
1.7058529264632316,0.1
1.7083541770885442,0.1
1.7108554277138568,0.1
1.7133566783391696,0.1
1.7158579289644822,0.1
1.7183591795897948,0.1
1.7208604302151076,0.1
1.7233616808404202,0.1
1.7258629314657328,0.1
1.7283641820910454,0.1
1.7308654327163582,0.1
1.7333666833416708,0.1
1.7358679339669834,0.1
1.7383691845922962,0.1
1.7408704352176088,0.1
1.7433716858429213,0.1
1.7458729364682342,0.1
1.7483741870935467,0.1
1.7508754377188593,0.1
1.753376688344172,0.1
1.7558779389694847,0.1
1.7583791895947973,0.1
1.76088044022011,0.1
1.7633816908454227,0.1
1.7658829414707353,0.1
1.768384192096048,0.1
1.7708854427213607,0.1
1.7733866933466733,0.1
1.775887943971986,0.1
1.7783891945972985,0.1
1.7808904452226113,0.1
1.783391695847924,0.1
1.7858929464732365,0.1
1.7883941970985493,0.1
1.7908954477238619,0.1
1.7933966983491745,0.1
1.7958979489744873,0.1
1.7983991995997999,0.1
1.8009004502251125,0.1
1.803401700850425,0.1
1.8059029514757379,0.1
1.8084042021010505,0.1
1.810905452726363,0.1
1.8134067033516759,0.1
1.8159079539769885,0.1
1.818409204602301,0.1
1.8209104552276139,0.1
1.8234117058529264,0.1
1.825912956478239,0.1
1.8284142071035516,0.1
1.8309154577288644,0.1
1.833416708354177,0.1
1.8359179589794896,0.1
1.8384192096048024,0.1
1.840920460230115,0.1
1.8434217108554276,0.1
1.8459229614807404,0.1
1.848424212106053,0.1
1.8509254627313656,0.1
1.8534267133566782,0.1
1.855927963981991,0.1
1.8584292146073036,0.1
1.8609304652326162,0.1
1.863431715857929,0.1
1.8659329664832416,0.1
1.8684342171085542,0.1
1.870935467733867,0.1
1.8734367183591796,0.1
1.8759379689844922,0.1
1.8784392196098048,0.1
1.8809404702351176,0.1
1.8834417208604302,0.1
1.8859429714857427,0.1
1.8884442221110556,0.1
1.8909454727363681,0.1
1.8934467233616807,0.1
1.8959479739869936,0.1
1.8984492246123061,0.1
1.9009504752376187,0.1
1.9034517258629313,0.1
1.9059529764882441,0.1
1.9084542271135567,0.1
1.9109554777388693,0.1
1.9134567283641821,0.1
1.9159579789894947,0.1
1.9184592296148073,0.1
1.9209604802401201,0.1
1.9234617308654327,0.1
1.9259629814907453,0.1
1.9284642321160579,0.1
1.9309654827413707,0.1
1.9334667333666833,0.1
1.9359679839919959,0.1
1.9384692346173087,0.1
1.9409704852426213,0.1
1.9434717358679339,0.1
1.9459729864932465,0.1
1.9484742371185593,0.1
1.9509754877438719,0.1
1.9534767383691845,0.1
1.9559779889944973,0.1
1.9584792396198099,0.1
1.9609804902451224,0.1
1.9634817408704353,0.1
1.9659829914957478,0.1
1.9684842421210604,0.1
1.970985492746373,0.1
1.9734867433716858,0.1
1.9759879939969984,0.1
1.978489244622311,0.1
1.9809904952476238,0.1
1.9834917458729364,0.1
1.985992996498249,0.1
1.9884942471235618,0.1
1.9909954977488744,0.1
1.993496748374187,0.1
1.9959979989994996,0.1
1.9984992496248124,0.1
2.001000500250125,0.1
2.003501750875438,0.1
2.0060030015007504,0.1
2.008504252126063,0.1
2.0110055027513756,0.1
2.013506753376688,0.1
2.0160080040020008,0.1
2.018509254627314,0.1
2.0210105052526264,0.1
2.023511755877939,0.1
2.0260130065032516,0.1
2.028514257128564,0.1
2.0310155077538767,0.1
2.0335167583791893,0.1
2.0360180090045024,0.1
2.038519259629815,0.1
2.0410205102551275,0.1
2.04352176088044,0.1
2.0460230115057527,0.1
2.0485242621310653,0.1
2.0510255127563783,0.1
2.053526763381691,0.1
2.0560280140070035,0.1
2.058529264632316,0.1
2.0610305152576287,0.1
2.0635317658829413,0.1
2.066033016508254,0.1
2.068534267133567,0.1
2.0710355177588795,0.1
2.073536768384192,0.1
2.0760380190095047,0.1
2.0785392696348173,0.1
2.08104052026013,0.1
2.0835417708854425,0.1
2.0860430215107555,0.1
2.088544272136068,0.1
2.0910455227613807,0.1
2.0935467733866933,0.1
2.096048024012006,0.1
2.0985492746373184,0.1
2.1010505252626315,0.1
2.103551775887944,0.1
2.1060530265132567,0.1
2.1085542771385692,0.1
2.111055527763882,0.1
2.1135567783891944,0.1
2.116058029014507,0.1
2.11855927963982,0.1
2.1210605302651326,0.1
2.1235617808904452,0.1
2.126063031515758,0.1
2.1285642821410704,0.1
2.131065532766383,0.1
2.1335667833916956,0.1
2.1360680340170086,0.1
2.138569284642321,0.1
2.141070535267634,0.1
2.1435717858929464,0.1
2.146073036518259,0.1
2.1485742871435716,0.1
2.151075537768884,0.1
2.153576788394197,0.1
2.15607803901951,0.1
2.1585792896448224,0.1
2.161080540270135,0.1
2.1635817908954476,0.1
2.16608304152076,0.1
2.168584292146073,0.1
2.1710855427713858,0.1
2.1735867933966984,0.1
2.176088044022011,0.1
2.1785892946473235,0.1
2.181090545272636,0.1
2.1835917958979487,0.1
2.1860930465232618,0.1
2.1885942971485743,0.1
2.191095547773887,0.1
2.1935967983991995,0.1
2.196098049024512,0.1
2.1985992996498247,0.1
2.2011005502751373,0.1
2.2036018009004503,0.1
2.206103051525763,0.1
2.2086043021510755,0.1
2.211105552776388,0.1
2.2136068034017007,0.1
2.2161080540270133,0.1
2.2186093046523263,0.1
2.221110555277639,0.1
2.2236118059029515,0.1
2.226113056528264,0.1
2.2286143071535767,0.1
2.2311155577788893,0.1
2.233616808404202,0.1
2.236118059029515,0.1
2.2386193096548275,0.1
2.24112056028014,0.1
2.2436218109054527,0.1
2.2461230615307652,0.1
2.248624312156078,0.1
2.2511255627813904,0.1
2.2536268134067035,0.1
2.256128064032016,0.1
2.2586293146573286,0.1
2.2611305652826412,0.1
2.263631815907954,0.1
2.2661330665332664,0.1
2.2686343171585794,0.1
2.271135567783892,0.1
2.2736368184092046,0.1
2.276138069034517,0.1
2.27863931965983,0.1
2.2811405702851424,0.1
2.283641820910455,0.1
2.286143071535768,0.1
2.2886443221610806,0.1
2.291145572786393,0.1
2.293646823411706,0.1
2.2961480740370184,0.1
2.298649324662331,0.1
2.3011505752876436,0.1
2.3036518259129566,0.1
2.306153076538269,0.1
2.3086543271635818,0.1
2.3111555777888944,0.1
2.313656828414207,0.1
2.3161580790395195,0.1
2.3186593296648326,0.1
2.321160580290145,0.1
2.3236618309154577,0.1
2.3261630815407703,0.1
2.328664332166083,0.1
2.3311655827913955,0.1
2.333666833416708,0.1
2.336168084042021,0.1
2.3386693346673337,0.1
2.3411705852926463,0.1
2.343671835917959,0.1
2.3461730865432715,0.1
2.348674337168584,0.1
2.3511755877938967,0.1
2.3536768384192097,0.1
2.3561780890445223,0.1
2.358679339669835,0.1
2.3611805902951475,0.1
2.36368184092046,0.1
2.3661830915457727,0.1
2.3686843421710853,0.1
2.3711855927963983,0.1
2.373686843421711,0.1
2.3761880940470235,0.1
2.378689344672336,0.1
2.3811905952976486,0.1
2.3836918459229612,0.1
2.3861930965482743,0.1
2.388694347173587,0.1
2.3911955977988995,0.1
2.393696848424212,0.1
2.3961980990495246,0.1
2.3986993496748372,0.1
2.40120060030015,0.1
2.403701850925463,0.1
2.4062031015507754,0.1
2.408704352176088,0.1
2.4112056028014006,0.1
2.413706853426713,0.1
2.416208104052026,0.1
2.4187093546773384,0.1
2.4212106053026514,0.1
2.423711855927964,0.1
2.4262131065532766,0.1
2.428714357178589,0.1
2.431215607803902,0.1
2.4337168584292144,0.1
2.4362181090545274,0.1
2.43871935967984,0.1
2.4412206103051526,0.1
2.443721860930465,0.1
2.4462231115557778,0.1
2.4487243621810904,0.1
2.451225612806403,0.1
2.453726863431716,0.1
2.4562281140570286,0.1
2.458729364682341,0.1
2.4612306153076537,0.1
2.4637318659329663,0.1
2.466233116558279,0.1
2.4687343671835915,0.1
2.4712356178089045,0.1
2.473736868434217,0.1
2.4762381190595297,0.1
2.4787393696848423,0.1
2.481240620310155,0.1
2.4837418709354675,0.1
2.4862431215607805,0.1
2.488744372186093,0.1
2.4912456228114057,0.1
2.4937468734367183,0.1
2.496248124062031,0.1
2.4987493746873435,0.1
2.501250625312656,0.1
2.503751875937969,0.1
2.5062531265632817,0.1
2.5087543771885943,0.1
2.511255627813907,0.1
2.5137568784392195,0.1
2.516258129064532,0.1
2.5187593796898446,0.1
2.5212606303151577,0.1
2.5237618809404703,0.1
2.526263131565783,0.1
2.5287643821910955,0.1
2.531265632816408,0.1
2.5337668834417206,0.1
2.5362681340670337,0.1
2.5387693846923463,0.1
2.541270635317659,0.1
2.5437718859429714,0.1
2.546273136568284,0.1
2.5487743871935966,0.1
2.551275637818909,0.1
2.5537768884442222,0.1
2.556278139069535,0.1
2.5587793896948474,0.1
2.56128064032016,0.1
2.5637818909454726,0.1
2.566283141570785,0.1
2.5687843921960978,0.1
2.571285642821411,0.1
2.5737868934467234,0.1
2.576288144072036,0.1
2.5787893946973486,0.1
2.581290645322661,0.1
2.5837918959479738,0.1
2.5862931465732864,0.1
2.5887943971985994,0.1
2.591295647823912,0.1
2.5937968984492246,0.1
2.596298149074537,0.1
2.5987993996998497,0.1
2.6013006503251623,0.1
2.6038019009504754,0.1
2.606303151575788,0.1
2.6088044022011005,0.1
2.611305652826413,0.1
2.6138069034517257,0.1
2.6163081540770383,0.1
2.618809404702351,0.1
2.621310655327664,0.1
2.6238119059529765,0.1
2.626313156578289,0.1
2.6288144072036017,0.1
2.6313156578289143,0.1
2.633816908454227,0.1
2.6363181590795395,0.1
2.6388194097048525,0.1
2.641320660330165,0.1
2.6438219109554777,0.1
2.6463231615807903,0.1
2.648824412206103,0.1
2.6513256628314155,0.1
2.6538269134567285,0.1
2.656328164082041,0.1
2.6588294147073537,0.1
2.6613306653326663,0.1
2.663831915957979,0.1
2.6663331665832914,0.1
2.668834417208604,0.1
2.671335667833917,0.1
2.6738369184592297,0.1
2.6763381690845423,0.1
2.678839419709855,0.1
2.6813406703351674,0.1
2.68384192096048,0.1
2.6863431715857926,0.1
2.6888444222111056,0.1
2.6913456728364182,0.1
2.693846923461731,0.1
2.6963481740870434,0.1
2.698849424712356,0.1
2.7013506753376686,0.1
2.7038519259629816,0.1
2.706353176588294,0.1
2.708854427213607,0.1
2.7113556778389194,0.1
2.713856928464232,0.1
2.7163581790895446,0.1
2.718859429714857,0.1
2.72136068034017,0.1
2.723861930965483,0.1
2.7263631815907954,0.1
2.728864432216108,0.1
2.7313656828414206,0.1
2.733866933466733,0.1
2.7363681840920457,0.1
2.7388694347173588,0.1
2.7413706853426714,0.1
2.743871935967984,0.1
2.7463731865932965,0.1
2.748874437218609,0.1
2.7513756878439217,0.1
2.7538769384692348,0.1
2.7563781890945473,0.1
2.75887943971986,0.1
2.7613806903451725,0.1
2.763881940970485,0.1
2.7663831915957977,0.1
2.7688844422211103,0.1
2.7713856928464233,0.1
2.773886943471736,0.1
2.7763881940970485,0.1
2.778889444722361,0.1
2.7813906953476737,0.1
2.7838919459729863,0.1
2.786393196598299,0.1
2.788894447223612,0.1
2.7913956978489245,0.1
2.793896948474237,0.1
2.7963981990995497,0.1
2.7988994497248623,0.1
2.801400700350175,0.1
2.8039019509754874,0.1
2.8064032016008005,0.1
2.808904452226113,0.1
2.8114057028514257,0.1
2.8139069534767382,0.1
2.816408204102051,0.1
2.8189094547273634,0.1
2.8214107053526765,0.1
2.823911955977989,0.1
2.8264132066033016,0.1
2.8289144572286142,0.1
2.831415707853927,0.1
2.8339169584792394,0.1
2.836418209104552,0.1
2.838919459729865,0.1
2.8414207103551776,0.1
2.84392196098049,0.1
2.846423211605803,0.1
2.8489244622311154,0.1
2.851425712856428,0.1
2.8539269634817406,0.1
2.8564282141070536,0.1
2.858929464732366,0.1
2.861430715357679,0.1
2.8639319659829914,0.1
2.866433216608304,0.1
2.8689344672336166,0.1
2.8714357178589296,0.1
2.873936968484242,0.1
2.8764382191095548,0.1
2.8789394697348674,0.1
2.88144072036018,0.1
2.8839419709854925,0.1
2.886443221610805,0.1
2.888944472236118,0.1
2.8914457228614308,0.1
2.8939469734867433,0.1
2.896448224112056,0.1
2.8989494747373685,0.1
2.901450725362681,0.1
2.9039519759879937,0.1
2.9064532266133067,0.1
2.9089544772386193,0.1
2.911455727863932,0.1
2.9139569784892445,0.1
2.916458229114557,0.1
2.9189594797398697,0.1
2.9214607303651827,0.1
2.9239619809904953,0.1
2.926463231615808,0.1
2.9289644822411205,0.1
2.931465732866433,0.1
2.9339669834917457,0.1
2.9364682341170583,0.1
2.9389694847423713,0.1
2.941470735367684,0.1
2.9439719859929965,0.1
2.946473236618309,0.1
2.9489744872436217,0.1
2.9514757378689342,0.1
2.953976988494247,0.1
2.95647823911956,0.1
2.9589794897448725,0.1
2.961480740370185,0.1
2.9639819909954976,0.1
2.9664832416208102,0.1
2.968984492246123,0.1
2.971485742871436,0.1
2.9739869934967484,0.1
2.976488244122061,0.1
2.9789894947473736,0.1
2.981490745372686,0.1
2.983991995997999,0.1
2.9864932466233114,0.1
2.9889944972486244,0.1
2.991495747873937,0.1
2.9939969984992496,0.1
2.996498249124562,0.1
2.998999499749875,0.1
3.0015007503751874,0.1
3.0040020010005,0.1
3.006503251625813,0.1
3.0090045022511256,0.1
3.011505752876438,0.1
3.0140070035017508,0.1
3.0165082541270634,0.1
3.019009504752376,0.1
3.0215107553776885,0.1
3.0240120060030016,0.1
3.026513256628314,0.1
3.0290145072536268,0.1
3.0315157578789393,0.1
3.034017008504252,0.1
3.0365182591295645,0.1
3.0390195097548776,0.1
3.04152076038019,0.1
3.0440220110055027,0.1
3.0465232616308153,0.1
3.049024512256128,0.1
3.0515257628814405,0.1
3.054027013506753,0.1
3.056528264132066,0.1
3.0590295147573787,0.1
3.0615307653826913,0.1
3.064032016008004,0.1
3.0665332666333165,0.1
3.069034517258629,0.1
3.0715357678839417,0.1
3.0740370185092547,0.1
3.0765382691345673,0.1
3.07903951975988,0.1
3.0815407703851925,0.1
3.084042021010505,0.1
3.0865432716358177,0.1
3.0890445222611307,0.1
3.0915457728864433,0.1
3.094047023511756,0.1
3.0965482741370685,0.1
3.099049524762381,0.1
3.1015507753876936,0.1
3.1040520260130062,0.1
3.1065532766383193,0.1
3.109054527263632,0.1
3.1115557778889444,0.1
3.114057028514257,0.1
3.1165582791395696,0.1
3.119059529764882,0.1
3.121560780390195,0.1
3.124062031015508,0.1
3.1265632816408204,0.1
3.129064532266133,0.1
3.1315657828914456,0.1
3.134067033516758,0.1
3.136568284142071,0.1
3.139069534767384,0.1
3.1415707853926964,0.1
3.144072036018009,0.1
3.1465732866433216,0.1
3.149074537268634,0.1
3.1515757878939468,0.1
3.1540770385192594,0.1
3.1565782891445724,0.1
3.159079539769885,0.1
3.1615807903951976,0.1
3.16408204102051,0.1
3.1665832916458228,0.1
3.1690845422711353,0.1
3.171585792896448,0.1
3.174087043521761,0.1
3.1765882941470736,0.1
3.179089544772386,0.1
3.1815907953976987,0.1
3.1840920460230113,0.1
3.186593296648324,0.1
3.189094547273637,0.1
3.1915957978989495,0.1
3.194097048524262,0.1
3.1965982991495747,0.1
3.1990995497748873,0.1
3.2016008004002,0.1
3.2041020510255125,0.1
3.2066033016508255,0.1
3.209104552276138,0.1
3.2116058029014507,0.1
3.2141070535267633,0.1
3.216608304152076,0.1
3.2191095547773885,0.1
3.221610805402701,0.1
3.224112056028014,0.1
3.2266133066533267,0.1
3.2291145572786393,0.1
3.231615807903952,0.1
3.2341170585292645,0.1
3.236618309154577,0.1
3.2391195597798896,0.1
3.2416208104052027,0.1
3.2441220610305153,0.1
3.246623311655828,0.1
3.2491245622811404,0.1
3.251625812906453,0.1
3.2541270635317656,0.1
3.2566283141570787,0.1
3.2591295647823912,0.1
3.261630815407704,0.1
3.2641320660330164,0.1
3.266633316658329,0.1
3.2691345672836416,0.1
3.271635817908954,0.1
3.2741370685342672,0.1
3.27663831915958,0.1
3.2791395697848924,0.1
3.281640820410205,0.1
3.2841420710355176,0.1
3.28664332166083,0.1
3.2891445722861428,0.1
3.291645822911456,0.1
3.2941470735367684,0.1
3.296648324162081,0.1
3.2991495747873936,0.1
3.301650825412706,0.1
3.3041520760380187,0.1
3.306653326663332,0.1
3.3091545772886444,0.1
3.311655827913957,0.1
3.3141570785392696,0.1
3.316658329164582,0.1
3.3191595797898947,0.1
3.3216608304152073,0.1
3.3241620810405204,0.1
3.326663331665833,0.1
3.3291645822911455,0.1
3.331665832916458,0.1
3.3341670835417707,0.1
3.3366683341670833,0.1
3.339169584792396,0.1
3.341670835417709,0.1
3.3441720860430215,0.1
3.346673336668334,0.1
3.3491745872936467,0.1
3.3516758379189593,0.1
3.354177088544272,0.1
3.356678339169585,0.1
3.3591795897948975,0.1
3.36168084042021,0.1
3.3641820910455227,0.1
3.3666833416708353,0.1
3.369184592296148,0.1
3.3716858429214605,0.1
3.3741870935467735,0.1
3.376688344172086,0.1
3.3791895947973987,0.1
3.3816908454227113,0.1
3.384192096048024,0.1
3.3866933466733364,0.1
3.389194597298649,0.1
3.391695847923962,0.1
3.3941970985492746,0.1
3.3966983491745872,0.1
3.3991995997999,0.1
3.4017008504252124,0.1
3.404202101050525,0.1
3.406703351675838,0.1
3.4092046023011506,0.1
3.4117058529264632,0.1
3.414207103551776,0.1
3.4167083541770884,0.1
3.419209604802401,0.1
3.4217108554277136,0.1
3.4242121060530266,0.1
3.426713356678339,0.1
3.429214607303652,0.1
3.4317158579289644,0.1
3.434217108554277,0.1
3.4367183591795896,0.1
3.439219609804902,0.1
3.441720860430215,0.1
3.444222111055528,0.1
3.4467233616808404,0.1
3.449224612306153,0.1
3.4517258629314655,0.1
3.454227113556778,0.1
3.4567283641820907,0.1
3.4592296148074038,0.1
3.4617308654327164,0.1
3.464232116058029,0.1
3.4667333666833415,0.1
3.469234617308654,0.1
3.4717358679339667,0.1
3.4742371185592797,0.1
3.4767383691845923,0.1
3.479239619809905,0.1
3.4817408704352175,0.1
3.48424212106053,0.1
3.4867433716858427,0.1
3.4892446223111553,0.1
3.4917458729364683,0.1
3.494247123561781,0.1
3.4967483741870935,0.1
3.499249624812406,0.1
3.5017508754377187,0.1
3.5042521260630313,0.1
3.506753376688344,0.1
3.509254627313657,0.1
3.5117558779389695,0.1
3.514257128564282,0.1
3.5167583791895947,0.1
3.5192596298149073,0.1
3.52176088044022,0.1
3.524262131065533,0.1
3.5267633816908455,0.1
3.529264632316158,0.1
3.5317658829414706,0.1
3.5342671335667832,0.1
3.536768384192096,0.1
3.5392696348174084,0.1
3.5417708854427215,0.1
3.544272136068034,0.1
3.5467733866933466,0.1
3.549274637318659,0.1
3.551775887943972,0.1
3.5542771385692844,0.1
3.556778389194597,0.1
3.55927963981991,0.1
3.5617808904452226,0.1
3.564282141070535,0.1
3.566783391695848,0.1
3.5692846423211604,0.1
3.571785892946473,0.1
3.574287143571786,0.1
3.5767883941970986,0.1
3.579289644822411,0.1
3.5817908954477238,0.1
3.5842921460730364,0.1
3.586793396698349,0.1
3.5892946473236615,0.1
3.5917958979489746,0.1
3.594297148574287,0.1
3.5967983991995998,0.1
3.5992996498249124,0.1
3.601800900450225,0.1
3.6043021510755375,0.1
3.60680340170085,0.1
3.609304652326163,0.1
3.6118059029514757,0.1
3.6143071535767883,0.1
3.616808404202101,0.1
3.6193096548274135,0.1
3.621810905452726,0.1
3.624312156078039,0.1
3.6268134067033517,0.1
3.6293146573286643,0.1
3.631815907953977,0.1
3.6343171585792895,0.1
3.636818409204602,0.1
3.6393196598299147,0.1
3.6418209104552277,0.1
3.6443221610805403,0.1
3.646823411705853,0.1
3.6493246623311655,0.1
3.651825912956478,0.1
3.6543271635817907,0.1
3.6568284142071033,0.1
3.6593296648324163,0.1
3.661830915457729,0.1
3.6643321660830415,0.1
3.666833416708354,0.1
3.6693346673336666,0.1
3.6718359179589792,0.1
3.674337168584292,0.1
3.676838419209605,0.1
3.6793396698349174,0.1
3.68184092046023,0.1
3.6843421710855426,0.1
3.686843421710855,0.1
3.689344672336168,0.1
3.691845922961481,0.1
3.6943471735867934,0.1
3.696848424212106,0.1
3.6993496748374186,0.1
3.701850925462731,0.1
3.704352176088044,0.1
3.7068534267133564,0.1
3.7093546773386694,0.1
3.711855927963982,0.1
3.7143571785892946,0.1
3.716858429214607,0.1
3.7193596798399198,0.1
3.7218609304652324,0.1
3.724362181090545,0.1
3.726863431715858,0.1
3.7293646823411706,0.1
3.731865932966483,0.1
3.7343671835917958,0.1
3.7368684342171083,0.1
3.739369684842421,0.1
3.741870935467734,0.1
3.7443721860930466,0.1
3.746873436718359,0.1
3.7493746873436717,0.1
3.7518759379689843,0.1
3.754377188594297,0.1
3.7568784392196095,0.1
3.7593796898449225,0.1
3.761880940470235,0.1
3.7643821910955477,0.1
3.7668834417208603,0.1
3.769384692346173,0.1
3.7718859429714855,0.1
3.774387193596798,0.1
3.776888444222111,0.1
3.7793896948474237,0.1
3.7818909454727363,0.1
3.784392196098049,0.1
3.7868934467233615,0.1
3.789394697348674,0.1
3.791895947973987,0.1
3.7943971985992997,0.1
3.7968984492246123,0.1
3.799399699849925,0.1
3.8019009504752375,0.1
3.80440220110055,0.1
3.8069034517258626,0.1
3.8094047023511757,0.1
3.8119059529764883,0.1
3.814407203601801,0.1
3.8169084542271134,0.1
3.819409704852426,0.1
3.8219109554777386,0.1
3.824412206103051,0.1
3.8269134567283642,0.1
3.829414707353677,0.1
3.8319159579789894,0.1
3.834417208604302,0.1
3.8369184592296146,0.1
3.839419709854927,0.1
3.8419209604802402,0.1
3.844422211105553,0.1
3.8469234617308654,0.1
3.849424712356178,0.1
3.8519259629814906,0.1
3.854427213606803,0.1
3.8569284642321158,0.1
3.859429714857429,0.1
3.8619309654827414,0.1
3.864432216108054,0.1
3.8669334667333666,0.1
3.869434717358679,0.1
3.8719359679839918,0.1
3.8744372186093043,0.1
3.8769384692346174,0.1
3.87943971985993,0.1
3.8819409704852426,0.1
3.884442221110555,0.1
3.8869434717358677,0.1
3.8894447223611803,0.1
3.891945972986493,0.1
3.894447223611806,0.1
3.8969484742371185,0.1
3.899449724862431,0.1
3.9019509754877437,0.1
3.9044522261130563,0.1
3.906953476738369,0.1
3.909454727363682,0.1
3.9119559779889945,0.1
3.914457228614307,0.1
3.9169584792396197,0.1
3.9194597298649323,0.1
3.921960980490245,0.1
3.9244622311155575,0.1
3.9269634817408705,0.1
3.929464732366183,0.1
3.9319659829914957,0.1
3.9344672336168083,0.1
3.936968484242121,0.1
3.9394697348674335,0.1
3.941970985492746,0.1
3.944472236118059,0.1
3.9469734867433717,0.1
3.9494747373686843,0.1
3.951975987993997,0.1
3.9544772386193094,0.1
3.956978489244622,0.1
3.959479739869935,0.1
3.9619809904952477,0.1
3.9644822411205602,0.1
3.966983491745873,0.1
3.9694847423711854,0.1
3.971985992996498,0.1
3.9744872436218106,0.1
3.9769884942471236,0.1
3.9794897448724362,0.1
3.981990995497749,0.1
3.9844922461230614,0.1
3.986993496748374,0.1
3.9894947473736866,0.1
3.991995997998999,0.1
3.994497248624312,0.1
3.996998499249625,0.1
3.9994997498749374,0.1
4.00200100050025,0.1
4.004502251125563,0.1
4.007003501750876,0.1
4.009504752376188,0.1
4.012006003001501,0.1
4.014507253626813,0.1
4.017008504252126,0.1
4.019509754877439,0.1
4.022011005502751,0.1
4.024512256128064,0.1
4.027013506753376,0.1
4.029514757378689,0.1
4.0320160080040015,0.1
4.0345172586293145,0.1
4.037018509254628,0.1
4.03951975987994,0.1
4.042021010505253,0.1
4.044522261130565,0.1
4.047023511755878,0.1
4.04952476238119,0.1
4.052026013006503,0.1
4.054527263631816,0.1
4.057028514257128,0.1
4.059529764882441,0.1
4.0620310155077535,0.1
4.0645322661330665,0.1
4.067033516758379,0.1
4.069534767383692,0.1
4.072036018009005,0.1
4.074537268634317,0.1
4.07703851925963,0.1
4.079539769884942,0.1
4.082041020510255,0.1
4.084542271135567,0.1
4.08704352176088,0.1
4.089544772386193,0.1
4.092046023011505,0.1
4.0945472736368185,0.1
4.097048524262131,0.1
4.099549774887444,0.1
4.102051025512757,0.1
4.104552276138069,0.1
4.107053526763382,0.1
4.109554777388694,0.1
4.112056028014007,0.1
4.114557278639319,0.1
4.117058529264632,0.1
4.119559779889945,0.1
4.122061030515257,0.1
4.12456228114057,0.1
4.127063531765883,0.1
4.129564782391196,0.1
4.132066033016508,0.1
4.134567283641821,0.1
4.137068534267134,0.1
4.139569784892446,0.1
4.142071035517759,0.1
4.144572286143071,0.1
4.147073536768384,0.1
4.149574787393696,0.1
4.152076038019009,0.1
4.154577288644322,0.1
4.1570785392696346,0.1
4.159579789894948,0.1
4.16208104052026,0.1
4.164582291145573,0.1
4.167083541770885,0.1
4.169584792396198,0.1
4.172086043021511,0.1
4.174587293646823,0.1
4.177088544272136,0.1
4.179589794897448,0.1
4.182091045522761,0.1
4.1845922961480735,0.1
4.1870935467733865,0.1
4.1895947973986996,0.1
4.192096048024012,0.1
4.194597298649325,0.1
4.197098549274637,0.1
4.19959979989995,0.1
4.202101050525263,0.1
4.204602301150575,0.1
4.207103551775888,0.1
4.2096048024012,0.1
4.212106053026513,0.1
4.2146073036518255,0.1
4.2171085542771385,0.1
4.2196098049024515,0.1
4.222111055527764,0.1
4.224612306153077,0.1
4.227113556778389,0.1
4.229614807403702,0.1
4.232116058029014,0.1
4.234617308654327,0.1
4.23711855927964,0.1
4.239619809904952,0.1
4.242121060530265,0.1
4.244622311155577,0.1
4.2471235617808905,0.1
4.249624812406203,0.1
4.252126063031516,0.1
4.254627313656829,0.1
4.257128564282141,0.1
4.259629814907454,0.1
4.262131065532766,0.1
4.264632316158079,0.1
4.267133566783391,0.1
4.269634817408704,0.1
4.272136068034017,0.1
4.274637318659329,0.1
4.277138569284642,0.1
4.279639819909955,0.1
4.282141070535268,0.1
4.28464232116058,0.1
4.287143571785893,0.1
4.289644822411206,0.1
4.292146073036518,0.1
4.294647323661831,0.1
4.297148574287143,0.1
4.299649824912456,0.1
4.302151075537768,0.1
4.304652326163081,0.1
4.307153576788394,0.1
4.3096548274137065,0.1
4.31215607803902,0.1
4.314657328664332,0.1
4.317158579289645,0.1
4.319659829914958,0.1
4.32216108054027,0.1
4.324662331165583,0.1
4.327163581790895,0.1
4.329664832416208,0.1
4.33216608304152,0.1
4.334667333666833,0.1
4.337168584292146,0.1
4.3396698349174585,0.1
4.3421710855427715,0.1
4.344672336168084,0.1
4.347173586793397,0.1
4.349674837418709,0.1
4.352176088044022,0.1
4.354677338669335,0.1
4.357178589294647,0.1
4.35967983991996,0.1
4.362181090545272,0.1
4.364682341170585,0.1
4.367183591795897,0.1
4.3696848424212105,0.1
4.3721860930465235,0.1
4.374687343671836,0.1
4.377188594297149,0.1
4.379689844922461,0.1
4.382191095547774,0.1
4.384692346173086,0.1
4.387193596798399,0.1
4.389694847423712,0.1
4.392196098049024,0.1
4.394697348674337,0.1
4.397198599299649,0.1
4.399699849924962,0.1
4.402201100550275,0.1
4.404702351175588,0.1
4.407203601800901,0.1
4.409704852426213,0.1
4.412206103051526,0.1
4.414707353676838,0.1
4.417208604302151,0.1
4.419709854927464,0.1
4.422211105552776,0.1
4.424712356178089,0.1
4.427213606803401,0.1
4.429714857428714,0.1
4.4322161080540265,0.1
4.43471735867934,0.1
4.437218609304653,0.1
4.439719859929965,0.1
4.442221110555278,0.1
4.44472236118059,0.1
4.447223611805903,0.1
4.449724862431215,0.1
4.452226113056528,0.1
4.454727363681841,0.1
4.457228614307153,0.1
4.459729864932466,0.1
4.4622311155577785,0.1
4.4647323661830915,0.1
4.467233616808404,0.1
4.469734867433717,0.1
4.47223611805903,0.1
4.474737368684342,0.1
4.477238619309655,0.1
4.479739869934967,0.1
4.48224112056028,0.1
4.484742371185592,0.1
4.487243621810905,0.1
4.489744872436218,0.1
4.4922461230615305,0.1
4.4947473736868435,0.1
4.497248624312156,0.1
4.499749874937469,0.1
4.502251125562781,0.1
4.504752376188094,0.1
4.507253626813407,0.1
4.509754877438719,0.1
4.512256128064032,0.1
4.514757378689344,0.1
4.517258629314657,0.1
4.519759879939969,0.1
4.5222611305652824,0.1
4.5247623811905955,0.1
4.527263631815908,0.1
4.529764882441221,0.1
4.532266133066533,0.1
4.534767383691846,0.1
4.537268634317159,0.1
4.539769884942471,0.1
4.542271135567784,0.1
4.544772386193096,0.1
4.547273636818409,0.1
4.549774887443721,0.1
4.552276138069034,0.1
4.5547773886943475,0.1
4.55727863931966,0.1
4.559779889944973,0.1
4.562281140570285,0.1
4.564782391195598,0.1
4.56728364182091,0.1
4.569784892446223,0.1
4.572286143071536,0.1
4.574787393696848,0.1
4.577288644322161,0.1
4.579789894947473,0.1
4.582291145572786,0.1
4.5847923961980985,0.1
4.587293646823412,0.1
4.589794897448725,0.1
4.592296148074037,0.1
4.59479739869935,0.1
4.597298649324662,0.1
4.599799899949975,0.1
4.602301150575287,0.1
4.6048024012006,0.1
4.607303651825913,0.1
4.609804902451225,0.1
4.612306153076538,0.1
4.6148074037018505,0.1
4.6173086543271635,0.1
4.619809904952476,0.1
4.622311155577789,0.1
4.624812406203102,0.1
4.627313656828414,0.1
4.629814907453727,0.1
4.632316158079039,0.1
4.634817408704352,0.1
4.637318659329665,0.1
4.639819909954977,0.1
4.64232116058029,0.1
4.6448224112056025,0.1
4.6473236618309155,0.1
4.649824912456228,0.1
4.652326163081541,0.1
4.654827413706854,0.1
4.657328664332166,0.1
4.659829914957479,0.1
4.662331165582791,0.1
4.664832416208104,0.1
4.667333666833416,0.1
4.669834917458729,0.1
4.672336168084042,0.1
4.674837418709354,0.1
4.6773386693346675,0.1
4.67983991995998,0.1
4.682341170585293,0.1
4.684842421210605,0.1
4.687343671835918,0.1
4.689844922461231,0.1
4.692346173086543,0.1
4.694847423711856,0.1
4.697348674337168,0.1
4.699849924962481,0.1
4.702351175587793,0.1
4.704852426213106,0.1
4.707353676838419,0.1
4.709854927463732,0.1
4.712356178089045,0.1
4.714857428714357,0.1
4.71735867933967,0.1
4.719859929964982,0.1
4.722361180590295,0.1
4.724862431215608,0.1
4.72736368184092,0.1
4.729864932466233,0.1
4.732366183091545,0.1
4.734867433716858,0.1
4.7373686843421705,0.1
4.7398699349674835,0.1
4.742371185592797,0.1
4.744872436218109,0.1
4.747373686843422,0.1
4.749874937468734,0.1
4.752376188094047,0.1
4.75487743871936,0.1
4.757378689344672,0.1
4.759879939969985,0.1
4.762381190595297,0.1
4.76488244122061,0.1
4.7673836918459225,0.1
4.7698849424712355,0.1
4.7723861930965485,0.1
4.774887443721861,0.1
4.777388694347174,0.1
4.779889944972486,0.1
4.782391195597799,0.1
4.784892446223111,0.1
4.787393696848424,0.1
4.789894947473737,0.1
4.792396198099049,0.1
4.794897448724362,0.1
4.7973986993496744,0.1
4.7998999499749875,0.1
4.8024012006003,0.1
4.804902451225613,0.1
4.807403701850926,0.1
4.809904952476238,0.1
4.812406203101551,0.1
4.814907453726863,0.1
4.817408704352176,0.1
4.819909954977488,0.1
4.822411205602801,0.1
4.824912456228114,0.1
4.827413706853426,0.1
4.8299149574787394,0.1
4.832416208104052,0.1
4.834917458729365,0.1
4.837418709354677,0.1
4.83991995997999,0.1
4.842421210605303,0.1
4.844922461230615,0.1
4.847423711855928,0.1
4.84992496248124,0.1
4.852426213106553,0.1
4.854927463731866,0.1
4.857428714357178,0.1
4.859929964982491,0.1
4.862431215607804,0.1
4.864932466233117,0.1
4.867433716858429,0.1
4.869934967483742,0.1
4.872436218109055,0.1
4.874937468734367,0.1
4.87743871935968,0.1
4.879939969984992,0.1
4.882441220610305,0.1
4.884942471235617,0.1
4.88744372186093,0.1
4.889944972486243,0.1
4.8924462231115555,0.1
4.894947473736869,0.1
4.897448724362181,0.1
4.899949974987494,0.1
4.902451225612806,0.1
4.904952476238119,0.1
4.907453726863432,0.1
4.909954977488744,0.1
4.912456228114057,0.1
4.914957478739369,0.1
4.917458729364682,0.1
4.9199599799899945,0.1
4.9224612306153075,0.1
4.9249624812406205,0.1
4.927463731865933,0.1
4.929964982491246,0.1
4.932466233116558,0.1
4.934967483741871,0.1
4.937468734367183,0.1
4.939969984992496,0.1
4.942471235617809,0.1
4.944972486243121,0.1
4.947473736868434,0.1
4.949974987493746,0.1
4.9524762381190595,0.1
4.954977488744372,0.1
4.957478739369685,0.1
4.959979989994998,0.1
4.96248124062031,0.1
4.964982491245623,0.1
4.967483741870935,0.1
4.969984992496248,0.1
4.972486243121561,0.1
4.974987493746873,0.1
4.977488744372186,0.1
4.979989994997498,0.1
4.982491245622811,0.1
4.984992496248124,0.1
4.987493746873437,0.1
4.98999499749875,0.1
4.992496248124062,0.1
4.994997498749375,0.1
4.997498749374687,0.1
5.0,0.1
